邮箱后缀,提交数量,占比(%)
kernel.org,8201,10.84
gmail.com,6871,9.08
intel.com,5290,6.99
amd.com,3577,4.73
google.com,3058,4.04
linaro.org,2850,3.77
redhat.com,2498,3.30
linux.intel.com,2300,3.04
nvidia.com,1850,2.44
linux.dev,1594,2.11
oss.qualcomm.com,1263,1.67
suse.com,1222,1.61
huawei.com,1159,1.53
nxp.com,1151,1.52
quicinc.com,1149,1.52
suse.de,1054,1.39
linutronix.de,1031,1.36
renesas.com,912,1.21
linux.ibm.com,880,1.16
arm.com,859,1.13
infradead.org,819,1.08
collabora.com,808,1.07
oracle.com,774,1.02
bootlin.com,630,0.83
bp.renesas.com,595,0.79
baylibre.com,581,0.77
ti.com,517,0.68
lst.de,486,0.64
kylinos.cn,443,0.59
armlinux.org.uk,440,0.58
ideasonboard.com,406,0.54
chromium.org,403,0.53
zeniv.linux.org.uk,399,0.53
realtek.com,357,0.47
mediatek.com,353,0.47
broadcom.com,353,0.47
vivo.com,339,0.45
loongson.cn,332,0.44
gondor.apana.org.au,324,0.43
igalia.com,313,0.41
opensource.cirrus.com,309,0.41
microchip.com,291,0.38
iscas.ac.cn,283,0.37
goodmis.org,275,0.36
treblig.org,274,0.36
glider.be,264,0.35
arndb.de,263,0.35
samba.org,245,0.32
linux.microsoft.com,233,0.31
linux.alibaba.com,230,0.30
pengutronix.de,224,0.30
amazon.com,221,0.29
analog.com,217,0.29
sang-engineering.com,216,0.29
foss.st.com,216,0.29
weissschuh.net,212,0.28
samsung.com,205,0.27
rock-chips.com,203,0.27
purestorage.com,199,0.26
kernel.dk,190,0.25
debian.org,186,0.25
ew.tq-group.com,161,0.21
fairphone.com,148,0.20
163.com,147,0.19
wdc.com,142,0.19
bytedance.com,140,0.18
wanadoo.fr,132,0.17
neverthere.org,132,0.17
disroot.org,129,0.17
rivosinc.com,129,0.17
tencent.com,124,0.16
canonical.com,122,0.16
mailbox.org,121,0.16
microsoft.com,119,0.16
meta.com,110,0.15
uniontech.com,109,0.14
lwn.net,108,0.14
roeck-us.net,107,0.14
outlook.com,105,0.14
linux-foundation.org,103,0.14
ventanamicro.com,101,0.13
zte.com.cn,100,0.13
ragnatech.se,100,0.13
marvell.com,97,0.13
acm.org,97,0.13
gmx.de,96,0.13
suse.cz,96,0.13
sntech.de,95,0.13
toradex.com,90,0.12
inspur.com,87,0.11
amlogic.com,87,0.11
strlen.de,86,0.11
gmx.net,83,0.11
antgroup.com,80,0.11
brown.name,77,0.10
hammerspace.com,76,0.10
digikod.net,74,0.10
public-files.de,73,0.10
huaweicloud.com,73,0.10
nbd.name,72,0.10
altera.com,71,0.09
sakamocchi.jp,70,0.09
fomichev.me,67,0.09
hisilicon.com,66,0.09
cherry.de,65,0.09
linuxfoundation.org,64,0.08
sifive.com,64,0.08
makrotopia.org,63,0.08
csgroup.eu,62,0.08
fb.com,62,0.08
trustnetic.com,62,0.08
posteo.net,60,0.08
kwiboo.se,60,0.08
googlemail.com,59,0.08
proton.me,57,0.08
phytec.de,56,0.07
ispras.ru,56,0.07
jannau.net,55,0.07
amarulasolutions.com,54,0.07
ionos.com,53,0.07
antheas.dev,52,0.07
codeconstruct.com.au,52,0.07
hotmail.com,52,0.07
cisco.com,52,0.07
wunner.de,51,0.07
zytor.com,49,0.06
marcan.st,49,0.06
aspeedtech.com,48,0.06
riscstar.com,48,0.06
soleen.com,48,0.06
csie.org,48,0.06
qq.com,47,0.06
alien8.de,47,0.06
lankhorst.se,47,0.06
paul-moore.com,46,0.06
protonmail.com,45,0.06
yandex.ru,44,0.06
xiaomi.com,43,0.06
baidu.com,43,0.06
jmu.edu.cn,43,0.06
queasysnail.net,43,0.06
rbox.co,42,0.06
norik.com,42,0.06
sk.com,41,0.05
gentoo.org,40,0.05
openvpn.net,40,0.05
ixit.cz,39,0.05
xs4all.nl,39,0.05
oss.nxp.com,38,0.05
davidwei.uk,38,0.05
minyard.net,38,0.05
manguebit.org,37,0.05
cloudflare.com,37,0.05
mainlining.org,36,0.05
os.amperecomputing.com,34,0.04
mt-integration.ru,34,0.04
windriver.com,33,0.04
siemens.com,33,0.04
axis.com,33,0.04
apitzsch.eu,33,0.04
codeweavers.com,33,0.04
lucaweiss.eu,32,0.04
yahoo.com,32,0.04
denx.de,32,0.04
fujitsu.com,31,0.04
iki.fi,31,0.04
cmss.chinamobile.com,31,0.04
zohomail.com,31,0.04
live.com,31,0.04
imgtec.com,30,0.04
sony.com,30,0.04
ellerman.id.au,30,0.04
linux-m68k.org,29,0.04
unisoc.com,29,0.04
ethancedwards.com,29,0.04
cixtech.com,28,0.04
prolan.hu,28,0.04
gourry.net,28,0.04
dujemihanovic.xyz,28,0.04
dimonoff.com,28,0.04
nwl.cc,28,0.04
kvaser.com,28,0.04
gocontroll.com,27,0.04
I-love.SAKURA.ne.jp,27,0.04
swemel.ru,27,0.04
fiberby.net,27,0.04
cknow.org,27,0.04
amazon.co.uk,27,0.04
stgolabs.net,26,0.03
toxicpanda.com,26,0.03
users.sourceforge.net,26,0.03
kontron.de,26,0.03
raspberrypi.com,25,0.03
morsemicro.com,25,0.03
ddn.com,25,0.03
subdimension.ro,25,0.03
huaqin.corp-partner.google.com,25,0.03
Intel.com,25,0.03
daynix.com,25,0.03
kemnade.info,24,0.03
mojatatu.com,24,0.03
netfilter.org,24,0.03
mev.co.uk,24,0.03
cqsoftware.com.cn,24,0.03
linux.spacemit.com,23,0.03
amazon.de,23,0.03
endrift.com,23,0.03
manguebit.com,23,0.03
iopsys.eu,22,0.03
richtek.com,22,0.03
narfation.org,22,0.03
mentallysanemainliners.org,22,0.03
zju.edu.cn,21,0.03
bur.io,21,0.03
ee.iitb.ac.in,21,0.03
siliconsignals.io,21,0.03
iogearbox.net,21,0.03
freeshell.de,21,0.03
cmpxchg.org,21,0.03
jrife.io,21,0.03
sartura.hr,20,0.03
ibm.com,20,0.03
dubeyko.com,20,0.03
solid-run.com,20,0.03
wp.pl,20,0.03
gateworks.com,20,0.03
liebherr.com,20,0.03
nfschina.com,20,0.03
sys-base.io,20,0.03
kolumbus.fi,20,0.03
seu.edu.cn,19,0.03
tuxedocomputers.com,19,0.03
alliedtelesis.co.nz,19,0.03
surriel.com,19,0.03
net-swift.com,19,0.03
mt.com,19,0.03
fastly.com,19,0.03
easystack.cn,18,0.02
fintech.ru,18,0.02
packett.cool,18,0.02
nuvoton.com,18,0.02
geanix.com,18,0.02
xry111.site,17,0.02
micron.com,17,0.02
icenowy.me,17,0.02
eswincomputing.com,17,0.02
radxa.com,17,0.02
pigmoral.tech,17,0.02
aol.com,17,0.02
salutedevices.com,17,0.02
HansenPartnership.com,17,0.02
exactco.de,16,0.02
oppo.com,16,0.02
paragon-software.com,16,0.02
cybernetics.com,16,0.02
tdk.com,16,0.02
fau.de,16,0.02
orange.fr,16,0.02
squebb.ca,15,0.02
lixiang.com,15,0.02
andestech.com,15,0.02
o2.pl,15,0.02
trager.us,15,0.02
pf.is.s.u-tokyo.ac.jp,15,0.02
maowtm.org,14,0.02
chinatelecom.cn,14,0.02
126.com,14,0.02
svanheule.net,14,0.02
mandelbit.com,14,0.02
honor.com,14,0.02
efficios.com,14,0.02
rong.moe,13,0.02
cadence.com,13,0.02
leap-io-kernel.com,13,0.02
postmarketos.org,13,0.02
ljones.dev,13,0.02
didiglobal.com,13,0.02
onurozkan.dev,13,0.02
smankusors.com,13,0.02
manjaro.org,13,0.02
socionext.com,13,0.02
oldschoolsolutions.biz,13,0.02
redadmin.org,12,0.02
cse.iitm.ac.in,12,0.02
foxmail.com,12,0.02
cjdns.fr,12,0.02
simonwunderlich.de,12,0.02
posteo.de,12,0.02
1wt.eu,12,0.02
riseup.net,12,0.02
citrix.com,12,0.02
emfend.at,12,0.02
mit.edu,12,0.02
coasia.com,12,0.02
nokia-bell-labs.com,12,0.02
axiado.com,12,0.02
mssola.com,11,0.01
marek.ca,11,0.01
cestc.cn,11,0.01
kaspersky.com,11,0.01
omp.ru,11,0.01
listout.xyz,11,0.01
uliege.be,11,0.01
c64.rulez.org,11,0.01
inmusicbrands.com,11,0.01
brighamcampbell.com,11,0.01
leica-geosystems.com,11,0.01
jiaxyga.com,11,0.01
asahilina.net,11,0.01
ite.com.tw,11,0.01
nokia.com,10,0.01
isrc.iscas.ac.cn,10,0.01
aosc.io,10,0.01
lge.com,10,0.01
hartkopp.net,10,0.01
tecnico.ulisboa.pt,10,0.01
starfivetech.com,10,0.01
medip.dev,10,0.01
tq-group.com,10,0.01
digiteqautomotive.com,10,0.01
tomeuvizoso.net,10,0.01
estudante.ufscar.br,10,0.01
cyyself.name,10,0.01
squashfs.org.uk,10,0.01
cyphar.com,10,0.01
arri.de,10,0.01
buenzli.dev,10,0.01
linux.vnet.ibm.com,10,0.01
dxuuu.xyz,10,0.01
nabijaczleweli.xyz,9,0.01
hpe.com,9,0.01
ovn.org,9,0.01
fnnas.com,9,0.01
crpt.ru,9,0.01
mxic.com.tw,9,0.01
6wind.com,9,0.01
infineon.com,9,0.01
garmin.com,9,0.01
bell.net,9,0.01
shopee.com,9,0.01
cab.de,9,0.01
netcube.li,9,0.01
genesyslogic.com.tw,9,0.01
hust.edu.cn,9,0.01
wetzel-home.de,9,0.01
lenovo.com,9,0.01
etsalapatis.com,9,0.01
mobileye.com,9,0.01
protonic.nl,9,0.01
strace.io,9,0.01
cutebit.org,9,0.01
emlix.com,9,0.01
asu.edu,8,0.01
columbia.edu,8,0.01
awinic.com,8,0.01
rowland.harvard.edu,8,0.01
schaufler-ca.com,8,0.01
canb.auug.org.au,8,0.01
0x0f.com,8,0.01
est.tech,8,0.01
oss.tenstorrent.com,8,0.01
hammernet.be,8,0.01
kzalloc.com,8,0.01
einfochips.com,8,0.01
trvn.ru,8,0.01
openai.com,8,0.01
molgen.mpg.de,8,0.01
willsroot.io,8,0.01
altlinux.org,8,0.01
everest-semi.com,8,0.01
hadess.net,8,0.01
Red54.com,8,0.01
sipsolutions.net,8,0.01
engleder-embedded.com,8,0.01
fossekall.de,8,0.01
yandex-team.ru,7,0.01
irl.hu,7,0.01
joshua.hu,7,0.01
opinsys.com,7,0.01
cse.ust.hk,7,0.01
zx2c4.com,7,0.01
nod.at,7,0.01
rootcommit.com,7,0.01
korsgaard.com,7,0.01
prodrive-technologies.com,7,0.01
qti.qualcomm.com,7,0.01
josie.lol,7,0.01
wbinvd.org,7,0.01
chainsx.cn,7,0.01
zetier.com,7,0.01
raptorengineering.com,7,0.01
garyguo.net,7,0.01
mleia.com,7,0.01
jacekk.info,7,0.01
siemens-energy.com,7,0.01
maciej.szmigiero.name,7,0.01
free.fr,7,0.01
wolfvision.net,7,0.01
triplefau.lt,7,0.01
ssi.gouv.fr,7,0.01
outer-limits.org,7,0.01
wkennington.com,7,0.01
arka.org,7,0.01
chipsnmedia.com,7,0.01
pen.gy,7,0.01
ACULAB.COM,7,0.01
synology.com,6,0.01
buffet.re,6,0.01
sigxcpu.org,6,0.01
somainline.org,6,0.01
secunet.com,6,0.01
orcam.me.uk,6,0.01
alpha.franken.de,6,0.01
nutanix.com,6,0.01
jaguarmicro.com,6,0.01
harin.net,6,0.01
thundersoft.com,6,0.01
gms.tku.edu.tw,6,0.01
h-partners.com,6,0.01
xv97.com,6,0.01
techsingularity.net,6,0.01
de.bosch.com,6,0.01
bamaicloud.com,6,0.01
codewreck.org,6,0.01
vinarskis.com,6,0.01
savoirfairelinux.com,6,0.01
Oracle.com,6,0.01
htecgroup.com,6,0.01
iencinas.com,6,0.01
goldelico.com,6,0.01
libre.computer,6,0.01
actia.se,6,0.01
husqvarnagroup.com,6,0.01
ozlabs.org,6,0.01
testtoast.com,6,0.01
4d2.org,6,0.01
hetzner-cloud.de,6,0.01
xfusion.com,5,0.01
blala.de,5,0.01
ee.vjti.ac.in,5,0.01
perex.cz,5,0.01
keba.com,5,0.01
tasossah.com,5,0.01
monroe.io,5,0.01
inria.fr,5,0.01
thorsis.com,5,0.01
couthit.com,5,0.01
konsulko.se,5,0.01
mucse.com,5,0.01
aurel32.net,5,0.01
infotecs.ru,5,0.01
arnaud-lcm.com,5,0.01
joelselvaraj.com,5,0.01
thegoodpenguin.co.uk,5,0.01
sandisk.com,5,0.01
kael-k.io,5,0.01
yeah.net,5,0.01
mkarcher.dialup.fu-berlin.de,5,0.01
fastmail.com,5,0.01
me.com,5,0.01
nigauri.org,5,0.01
desy.de,5,0.01
b4.vu,5,0.01
cypress.com,5,0.01
watter.com,5,0.01
foursemi.com,5,0.01
isovalent.com,5,0.01
yshyn.com,5,0.01
eurecom.fr,5,0.01
jms.id.au,5,0.01
paranoici.org,5,0.01
topic.nl,5,0.01
thaumatec.com,5,0.01
silabs.com,5,0.01
kragniz.eu,5,0.01
invicto.ai,5,0.01
davidreaver.com,5,0.01
steamfork.org,5,0.01
mayer-bgk.de,5,0.01
tuxedo.de,4,0.01
hogyros.de,4,0.01
aaront.org,4,0.01
bell-sw.com,4,0.01
cosmicgizmosystems.com,4,0.01
atomlin.com,4,0.01
toshiba.co.jp,4,0.01
geotab.com,4,0.01
leica-geosystems.com.cn,4,0.01
david-bauer.net,4,0.01
reznichenko.net,4,0.01
tkos.co.il,4,0.01
rasmusvillemoes.dk,4,0.01
web.de,4,0.01
cyberus-technology.de,4,0.01
blackwall.org,4,0.01
mailoo.org,4,0.01
milecki.pl,4,0.01
pm.me,4,0.01
chelsio.com,4,0.01
shiftphones.com,4,0.01
csh.rit.edu,4,0.01
arista.com,4,0.01
whitecape.org,4,0.01
matfyz.cz,4,0.01
grinn-global.com,4,0.01
proxmox.com,4,0.01
westermo.com,4,0.01
aisle.com,4,0.01
rosenzweig.io,4,0.01
gerhold.net,4,0.01
dabbelt.com,4,0.01
csie.ntu.edu.tw,4,0.01
illinois.edu,4,0.01
labundy.com,4,0.01
amazon.co.jp,4,0.01
kde.org,4,0.01
v3.sk,4,0.01
ni.com,4,0.01
atmark-techno.com,4,0.01
siewert.io,4,0.01
qtmlabs.xyz,4,0.01
inventec.com,4,0.01
flygoat.com,4,0.01
139.com,4,0.01
synopsys.com,4,0.01
ffwll.ch,4,0.01
mixaill.net,4,0.01
phytium.com.cn,4,0.01
yadro.com,4,0.01
hillion.co.uk,4,0.01
blaize.com,4,0.01
joshuagrisham.com,4,0.01
openpixelsystems.org,4,0.01
tenstorrent.com,4,0.01
gvernon.com,4,0.01
grimberg.me,4,0.01
svenpeter.dev,4,0.01
doyensec.com,4,0.01
rosa.ru,4,0.01
9elements.com,4,0.01
alistair23.me,4,0.01
sedlak.dev,4,0.01
enneenne.com,4,0.01
gehealthcare.com,3,0.00
chinaunicom.cn,3,0.00
ubuntu.com,3,0.00
anirudhrb.com,3,0.00
sonarnerd.net,3,0.00
aliyun.com,3,0.00
cs.stanford.edu,3,0.00
realsil.com.cn,3,0.00
nppct.ru,3,0.00
lanxincomputing.com,3,0.00
linux.com,3,0.00
icloud.com,3,0.00
nabladev.com,3,0.00
bitbyteword.org,3,0.00
smartx.com,3,0.00
israelbatista.dev.br,3,0.00
prevas.dk,3,0.00
genexis.eu,3,0.00
mariuszachmann.de,3,0.00
bbv.ch,3,0.00
zanders.be,3,0.00
codeaurora.org,3,0.00
strongswan.org,3,0.00
scs.ch,3,0.00
kylinsec.com.cn,3,0.00
jp.fujitsu.com,3,0.00
dev.tdt.de,3,0.00
traverse.com.au,3,0.00
valla.it,3,0.00
coelacanthus.name,3,0.00
omnibond.com,3,0.00
allelesecurity.com,3,0.00
alyssa.is,3,0.00
hms-networks.com,3,0.00
iie.ac.cn,3,0.00
t-chip.com.cn,3,0.00
qualcomm.com,3,0.00
portwell.com.tw,3,0.00
inboxia.org,3,0.00
armadeus.com,3,0.00
templeofstupid.com,3,0.00
semtech.com,3,0.00
grimler.se,3,0.00
casix.org,3,0.00
adtran.com,3,0.00
nandakumar.co.in,3,0.00
furiosa.ai,3,0.00
zhaoxin.com,3,0.00
it-klinger.de,3,0.00
darkrefraction.com,3,0.00
adomerle.pw,3,0.00
corp.free.fr,3,0.00
maxlinear.com,3,0.00
emerson.com,3,0.00
candelatech.com,3,0.00
sjtu.edu.cn,3,0.00
hj-micro.com,3,0.00
uniroma2.it,3,0.00
aladdin.ru,3,0.00
kuka.com,3,0.00
cdjrlc.com,3,0.00
whut.edu.cn,3,0.00
xmission.com,3,0.00
janestreet.com,3,0.00
system76.com,3,0.00
aa.jp.fujitsu.com,3,0.00
piap.pl,3,0.00
digital-rabbithole.de,3,0.00
universe-factory.net,3,0.00
archlinuxcn.org,3,0.00
usp.br,3,0.00
heusel.eu,3,0.00
atlas.cz,3,0.00
yoseli.org,3,0.00
xff.cz,3,0.00
lodewillems.com,3,0.00
wesion.com,3,0.00
softing.com,3,0.00
kleine-koenig.org,3,0.00
rudorff.com,3,0.00
lichtman.org,3,0.00
vampirebyte.ro,3,0.00
kernkonzept.com,3,0.00
arinc9.com,3,0.00
blueri.se,3,0.00
wacom.com,3,0.00
pobox.com,3,0.00
jordanrome.com,3,0.00
unseen.parts,3,0.00
huawei-partners.com,3,0.00
classfun.cn,3,0.00
systec-electronic.com,3,0.00
remote-tech.co.uk,3,0.00
duagon.com,2,0.00
tyhicks.com,2,0.00
korea.ac.kr,2,0.00
grsecurity.net,2,0.00
themaw.net,2,0.00
khirnov.net,2,0.00
gsnoff.com,2,0.00
itb.spb.ru,2,0.00
dorminy.me,2,0.00
foxido.dev,2,0.00
xfel.eu,2,0.00
arduino.cc,2,0.00
who-t.net,2,0.00
ysoft.com,2,0.00
mary.zone,2,0.00
yhndnzj.com,2,0.00
kerneltoast.com,2,0.00
kaist.ac.kr,2,0.00
kaiser.cx,2,0.00
compal.corp-partner.google.com,2,0.00
horky.net,2,0.00
stackframe.org,2,0.00
hacktheplanet.fi,2,0.00
codethink.co.uk,2,0.00
freebox.fr,2,0.00
redstrate.com,2,0.00
bryanhinton.com,2,0.00
sezginduran.net,2,0.00
chimac.ro,2,0.00
wiwynn.com,2,0.00
mboxify.com,2,0.00
live.ca,2,0.00
simcom.com,2,0.00
akamai.com,2,0.00
opensource.wdc.com,2,0.00
elijahs.space,2,0.00
malat.biz,2,0.00
esd.eu,2,0.00
northwestern.edu,2,0.00
utah.edu,2,0.00
juniper.net,2,0.00
nic.cz,2,0.00
technexion.com,2,0.00
smail.nju.edu.cn,2,0.00
mjt.me.uk,2,0.00
juszkiewicz.com.pl,2,0.00
carnegierobotics.com,2,0.00
anton-paar.com,2,0.00
folker-schwesinger.de,2,0.00
magd.ox.ac.uk,2,0.00
0x65c.net,2,0.00
asrmicro.com,2,0.00
gmx.us,2,0.00
yuka.dev,2,0.00
mess.org,2,0.00
pwned.life,2,0.00
apple.com,2,0.00
digi.com,2,0.00
nixdorf.dev,2,0.00
tum.de,2,0.00
blochl.de,2,0.00
siqol.com,2,0.00
primarydata.com,2,0.00
eviden.com,2,0.00
kuleuven.be,2,0.00
pdp7.com,2,0.00
whamcloud.com,2,0.00
darkrain42.org,2,0.00
crowdstrike.com,2,0.00
cornelisnetworks.com,2,0.00
maskray.me,2,0.00
connolly.tech,2,0.00
non.se.com,2,0.00
tinylab.org,2,0.00
polito.it,2,0.00
gmx.com,2,0.00
toke.dk,2,0.00
valvesoftware.com,2,0.00
frantovo.cz,2,0.00
deepcomputing.io,2,0.00
jro.nz,2,0.00
brueckmann-gmbh.de,2,0.00
coolkit.cn,2,0.00
gnu.org,2,0.00
rarity.fan,2,0.00
quanta.corp-partner.google.com,2,0.00
ventureresearch.com,2,0.00
exim.org,2,0.00
partner.samsung.com,2,0.00
pereznus.es,2,0.00
nokia-sbell.com,2,0.00
sdore.me,2,0.00
volumez.com,2,0.00
cloud.com,2,0.00
4sigma.it,2,0.00
artur-rojek.eu,2,0.00
sigma-star.at,2,0.00
antoniohickey.com,2,0.00
live.co.uk,2,0.00
leemhuis.info,2,0.00
avm.de,2,0.00
froggi.es,2,0.00
sandeen.net,2,0.00
d-systems.ee,2,0.00
kloenk.dev,2,0.00
ijzerbout.nl,2,0.00
lkcamp.dev,2,0.00
edgeble.ai,2,0.00
fedoraproject.org,2,0.00
konsulko.com,2,0.00
jwilk.net,2,0.00
xilinx.com,2,0.00
c0d3.blue,2,0.00
andrewstrohman.com,2,0.00
sophos.com,2,0.00
iinet.net.au,2,0.00
cispa.de,1,0.00
negrel.dev,1,0.00
purdue.edu,1,0.00
veygax.dev,1,0.00
Groves.net,1,0.00
elsta.tech,1,0.00
augustwikerfors.se,1,0.00
sangfor.com.cn,1,0.00
mpiricsoftware.com,1,0.00
markoturk.info,1,0.00
deepseek.com,1,0.00
darknavy.com,1,0.00
lysator.liu.se,1,0.00
betterinternet.ltd,1,0.00
tu-ilmenau.de,1,0.00
cachyos.org,1,0.00
superluminal.eu,1,0.00
mails.tsinghua.edu.cn,1,0.00
nathanrossi.com,1,0.00
bosc.ac.cn,1,0.00
addi-data.com,1,0.00
motu.com,1,0.00
kota.moe,1,0.00
osandov.com,1,0.00
aerlync.com,1,0.00
padovan.org,1,0.00
aashishsharma.net,1,0.00
eilabs.com,1,0.00
hallyn.com,1,0.00
vasilevsky.ca,1,0.00
ilvokhin.com,1,0.00
ownmail.net,1,0.00
wavecomp.com,1,0.00
zeocities.dev,1,0.00
nextron-systems.com,1,0.00
mail.kh.edu.tw,1,0.00
hamik.net,1,0.00
tu-dortmund.de,1,0.00
lineo.co.jp,1,0.00
likewhatevs.io,1,0.00
hazent.com,1,0.00
garderos.com,1,0.00
barre.sh,1,0.00
cknow-tech.com,1,0.00
aprilg.moe,1,0.00
plaes.org,1,0.00
dwurp.de,1,0.00
vyos.io,1,0.00
syptech.net,1,0.00
surgut.co.uk,1,0.00
arcor.de,1,0.00
codasip.com,1,0.00
mroth.net,1,0.00
skyrain.eu,1,0.00
aisec.fraunhofer.de,1,0.00
networks-extra.com,1,0.00
trix.is-a.dev,1,0.00
whynothugo.nl,1,0.00
makarenk.ooo,1,0.00
it-lobb.de,1,0.00
altimeter.info,1,0.00
ewhac.org,1,0.00
valinux.co.jp,1,0.00
Stromeko.DE,1,0.00
mykernel.net,1,0.00
geekplace.eu,1,0.00
cloudbear.ru,1,0.00
criteo.com,1,0.00
linux.beauty,1,0.00
fi.rohmeurope.com,1,0.00
agilent.com,1,0.00
sch.bme.hu,1,0.00
shanefagan.com,1,0.00
keysight.com,1,0.00
invisiblethingslab.com,1,0.00
wisig.com,1,0.00
ruivo.org,1,0.00
danm.net,1,0.00
mcwilliam.dev,1,0.00
mail.sdu.edu.cn,1,0.00
marliere.net,1,0.00
winhong.com,1,0.00
perches.com,1,0.00
mac.com,1,0.00
vaisala.com,1,0.00
phytec.com,1,0.00
thingy.jp,1,0.00
yahoo.de,1,0.00
bang-olufsen.dk,1,0.00
bitwise.fi,1,0.00
sswd.pw,1,0.00
foundries.io,1,0.00
librecast.net,1,0.00
viavisolutions.com,1,0.00
viasat.com,1,0.00
zonni.pl,1,0.00
ewsting.com,1,0.00
debanilchowdhury.com,1,0.00
flinny.org,1,0.00
yklcs.com,1,0.00
gtsys.com.hk,1,0.00
nordicsemi.no,1,0.00
grenoble-inp.org,1,0.00
harmstone.com,1,0.00
in-advantage.com,1,0.00
tehsvk.net,1,0.00
tssltd.ru,1,0.00
syntacore.com,1,0.00
sarinay.com,1,0.00
skidata.com,1,0.00
criticallink.com,1,0.00
jvosburgh.net,1,0.00
blaese.de,1,0.00
wuest.me,1,0.00
mail.toshiba,1,0.00
vasama.org,1,0.00
thiebaut.dev,1,0.00
seco.com,1,0.00
ustc.edu,1,0.00
belden.com,1,0.00
projectinitiative.io,1,0.00
grenoble.cnrs.fr,1,0.00
bshg.com,1,0.00
valdikss.org.ru,1,0.00
kylemanna.com,1,0.00
owo.li,1,0.00
securitygossip.com,1,0.00
toblux.com,1,0.00
raymakers.nl,1,0.00
heitbaum.com,1,0.00
stegemann.de,1,0.00
murena.io,1,0.00
dilger.ca,1,0.00
orca.pet,1,0.00
smrk.net,1,0.00
linbit.com,1,0.00
kreed.org,1,0.00
jrehkemper.de,1,0.00
gnuweeb.org,1,0.00
myth5.com,1,0.00
mail.parknet.co.jp,1,0.00
comtrue-inc.com,1,0.00
virtuozzo.com,1,0.00
erminea.space,1,0.00
tw.synaptics.com,1,0.00
n621.de,1,0.00
sensetime.com,1,0.00
chrisdown.name,1,0.00
hexchain.org,1,0.00
vates.tech,1,0.00
philpotter.co.uk,1,0.00
archlinux.org,1,0.00
evolware.org,1,0.00
bluewin.ch,1,0.00
star-ark.net,1,0.00
emersion.fr,1,0.00
viard.dev,1,0.00
bearstech.com,1,0.00
dupart.org,1,0.00
abhy.me,1,0.00
innosonix.de,1,0.00
aiyionpri.me,1,0.00
ndigital.com,1,0.00
corigine.com,1,0.00
prgmr.com,1,0.00
pablo.ct.ws,1,0.00
codiax.se,1,0.00
ltec.ch,1,0.00
lauterbach.com,1,0.00
glxys.nl,1,0.00
habana.ai,1,0.00
snekbyte.com,1,0.00
diehl.com,1,0.00
tsoy.me,1,0.00
asymptotic.io,1,0.00
chandra.net,1,0.00
cs.wisc.edu,1,0.00
uclouvain.be,1,0.00
telit.com,1,0.00
onemain.com,1,0.00
siol.net,1,0.00
tektelic.com,1,0.00
astranis.com,1,0.00
hillstonenet.com,1,0.00
m3y3r.de,1,0.00
disterhof.eu,1,0.00
kolttonen.fi,1,0.00
borg.moe,1,0.00
sima.ai,1,0.00
technica-engineering.de,1,0.00
ze-it.at,1,0.00
libero.it,1,0.00
g-sokol.info,1,0.00
distanz.ch,1,0.00
netapp.com,1,0.00
dd-wrt.com,1,0.00
nec.com,1,0.00
notsyncing.net,1,0.00
fibocom.com,1,0.00
dmeh.net,1,0.00
welho.tech,1,0.00
flokli.de,1,0.00
sylvansmit.com,1,0.00
szeredi.hu,1,0.00
zenlayer.com,1,0.00
mvista.com,1,0.00
lxm.se,1,0.00
melois.dev,1,0.00
borto.fr,1,0.00
null-ptr.net,1,0.00
banvien.com.vn,1,0.00
edburcher.com,1,0.00
astier.eu,1,0.00
tavianator.com,1,0.00
hefring.com,1,0.00
ponkila.com,1,0.00
disruptive-technologies.com,1,0.00
jakerice.dev,1,0.00
ime.usp.br,1,0.00
gentwo.org,1,0.00
atto.com,1,0.00
inceptio.ai,1,0.00
ozlu.eu,1,0.00
kaechele.ca,1,0.00
jfarr.cc,1,0.00
3mdeb.com,1,0.00
ssi.bg,1,0.00
abv.bg,1,0.00
0atlas.com,1,0.00
vpprocess.com,1,0.00
mwa.re,1,0.00
lunn.ch,1,0.00
atlascopco.com,1,0.00
fivetechno.de,1,0.00
tlvince.com,1,0.00
rere.qmqm.pl,1,0.00
aepfle.de,1,0.00
hows.id.au,1,0.00
anddroptable.net,1,0.00
noa-labs.com,1,0.00
siflower.com.cn,1,0.00
pileofstuff.org,1,0.00
friendlyarm.com,1,0.00
legrand.com,1,0.00
cyberprotect.ru,1,0.00
hifiphile.com,1,0.00
hesling.com,1,0.00
mcqueen.au,1,0.00
maxsi.org,1,0.00
labcsmart.com,1,0.00
ammaraskar.com,1,0.00
jp-hosting.net,1,0.00
mansr.com,1,0.00
kneron.us,1,0.00
etehtsea.me,1,0.00
o1oo11oo.de,1,0.00
comp.nus.edu.sg,1,0.00
waldekranz.com,1,0.00
fjasle.eu,1,0.00
bareminimum.eu,1,0.00
qnx.com,1,0.00
l4re.org,1,0.00
mail.ru,1,0.00
inertim.com,1,0.00
tinyisr.com,1,0.00
auristor.com,1,0.00
ford.com,1,0.00
foobox.net,1,0.00
astralinux.ru,1,0.00
gouders.net,1,0.00
applied-asynchrony.com,1,0.00
utu.fi,1,0.00
hp.com,1,0.00
randorisec.fr,1,0.00
pascal-lab.net,1,0.00
base.nu,1,0.00
scylladb.com,1,0.00
crudebyte.com,1,0.00
ict.ac.cn,1,0.00
butoba.net,1,0.00
boddie.org.uk,1,0.00
aq0.de,1,0.00
sysgo.com,1,0.00
hetzenecker.me,1,0.00
gompa.dev,1,0.00
svenschwermer.de,1,0.00
asbjorn.st,1,0.00
hokuishi.be,1,0.00
mail.bg,1,0.00
iris-sensing.com,1,0.00
trustlab.cz,1,0.00
grobecker.info,1,0.00
tidylabs.net,1,0.00
wangsu.com,1,0.00
beagleboard.org,1,0.00
matthias-proske.de,1,0.00
stackit.cloud,1,0.00
personaltelco.net,1,0.00
m.fudan.edu.cn,1,0.00
openbsd.org,1,0.00
allwinnertech.com,1,0.00
birger-koblitz.de,1,0.00
fireburn.co.uk,1,0.00
c--e.de,1,0.00
brixandersen.dk,1,0.00
bens.haus,1,0.00
pelago.org.uk,1,0.00
remarkable.no,1,0.00
stackhpc.com,1,0.00
getgoogleoff.me,1,0.00
herbolt.com,1,0.00
online.de,1,0.00
matrox.com,1,0.00
ucw.cz,1,0.00
ukr.net,1,0.00
jakemoroni.com,1,0.00
frame.work,1,0.00
bsbernd.com,1,0.00
tronnes.org,1,0.00
engflow.com,1,0.00
eurofunk.com,1,0.00
hehaorui.com,1,0.00
fastmail.to,1,0.00
exostellar.io,1,0.00
lony.xyz,1,0.00
emoss.org,1,0.00
schenkel.net,1,0.00
lesviallon.fr,1,0.00
combitech.com,1,0.00
joshtriplett.org,1,0.00
getstate.dev,1,0.00
doridian.net,1,0.00
har.mn,1,0.00
lenbrook.com,1,0.00
steffo.eu,1,0.00
michel-slm.name,1,0.00
morinfr.org,1,0.00
linumiz.com,1,0.00
inbox.ru,1,0.00
green-communications.fr,1,0.00
red-soft.ru,1,0.00
devkernel.io,1,0.00
kookmin.ac.kr,1,0.00
longjmp.de,1,0.00
jcix.top,1,0.00
starlabs.systems,1,0.00
mister-muffin.de,1,0.00
radix.lt,1,0.00
epochal.quest,1,0.00
connecttech.com,1,0.00
soragoto.io,1,0.00
somane.sakura.ne.jp,1,0.00
turris.com,1,0.00
stwcx.xyz,1,0.00
fii-usa.com,1,0.00
nerdbynature.de,1,0.00
mutex.one,1,0.00
mcrowe.com,1,0.00
maxima.ru,1,0.00
kernelsoft.com,1,0.00
lixom.net,1,0.00
