厂商域名,公司名称,提交数量
kernel.org,kernel.org,8201
gmail.com,gmail.com,6871
intel.com,intel.com,5290
amd.com,amd.com,3577
google.com,google.com,3058
linaro.org,linaro.org,2850
redhat.com,redhat.com,2498
linux.intel.com,linux.intel.com,2300
nvidia.com,nvidia.com,1850
linux.dev,linux.dev,1594
oss.qualcomm.com,oss.qualcomm.com,1263
suse.com,suse.com,1222
huawei.com,Huawei,1159
nxp.com,nxp.com,1151
quicinc.com,quicinc.com,1149
suse.de,suse.de,1054
linutronix.de,linutronix.de,1031
renesas.com,renesas.com,912
linux.ibm.com,linux.ibm.com,880
arm.com,arm.com,859
infradead.org,infradead.org,819
collabora.com,collabora.com,808
oracle.com,oracle.com,774
bootlin.com,bootlin.com,630
bp.renesas.com,bp.renesas.com,595
baylibre.com,baylibre.com,581
ti.com,ti.com,517
lst.de,lst.de,486
kylinos.cn,Kylin Software,443
armlinux.org.uk,armlinux.org.uk,440
ideasonboard.com,ideasonboard.com,406
chromium.org,chromium.org,403
zeniv.linux.org.uk,zeniv.linux.org.uk,399
realtek.com,realtek.com,357
mediatek.com,mediatek.com,353
broadcom.com,broadcom.com,353
vivo.com,vivo,339
loongson.cn,Loongson,332
gondor.apana.org.au,gondor.apana.org.au,324
igalia.com,igalia.com,313
opensource.cirrus.com,opensource.cirrus.com,309
microchip.com,microchip.com,291
iscas.ac.cn,iscas.ac.cn,283
goodmis.org,goodmis.org,275
treblig.org,treblig.org,274
glider.be,glider.be,264
arndb.de,arndb.de,263
samba.org,samba.org,245
linux.microsoft.com,linux.microsoft.com,233
linux.alibaba.com,Alibaba,230
pengutronix.de,pengutronix.de,224
amazon.com,amazon.com,221
analog.com,analog.com,217
sang-engineering.com,sang-engineering.com,216
foss.st.com,foss.st.com,216
weissschuh.net,weissschuh.net,212
samsung.com,samsung.com,205
rock-chips.com,Rockchip,203
purestorage.com,purestorage.com,199
kernel.dk,kernel.dk,190
debian.org,debian.org,186
ew.tq-group.com,ew.tq-group.com,161
fairphone.com,fairphone.com,148
163.com,163.com,147
wdc.com,wdc.com,142
bytedance.com,ByteDance,140
wanadoo.fr,wanadoo.fr,132
neverthere.org,neverthere.org,132
disroot.org,disroot.org,129
rivosinc.com,rivosinc.com,129
tencent.com,Tencent,124
canonical.com,canonical.com,122
mailbox.org,mailbox.org,121
microsoft.com,microsoft.com,119
meta.com,meta.com,110
uniontech.com,UnionTech,109
lwn.net,lwn.net,108
roeck-us.net,roeck-us.net,107
outlook.com,outlook.com,105
linux-foundation.org,linux-foundation.org,103
ventanamicro.com,ventanamicro.com,101
zte.com.cn,ZTE,100
ragnatech.se,ragnatech.se,100
marvell.com,marvell.com,97
acm.org,acm.org,97
gmx.de,gmx.de,96
suse.cz,suse.cz,96
sntech.de,sntech.de,95
toradex.com,toradex.com,90
inspur.com,Inspur,87
amlogic.com,amlogic.com,87
strlen.de,strlen.de,86
gmx.net,gmx.net,83
antgroup.com,antgroup.com,80
brown.name,brown.name,77
hammerspace.com,hammerspace.com,76
digikod.net,digikod.net,74
public-files.de,public-files.de,73
huaweicloud.com,Huawei,73
nbd.name,nbd.name,72
altera.com,altera.com,71
sakamocchi.jp,sakamocchi.jp,70
fomichev.me,fomichev.me,67
hisilicon.com,hisilicon.com,66
cherry.de,cherry.de,65
linuxfoundation.org,linuxfoundation.org,64
sifive.com,sifive.com,64
makrotopia.org,makrotopia.org,63
csgroup.eu,csgroup.eu,62
fb.com,fb.com,62
trustnetic.com,trustnetic.com,62
posteo.net,posteo.net,60
kwiboo.se,kwiboo.se,60
googlemail.com,googlemail.com,59
proton.me,proton.me,57
phytec.de,phytec.de,56
ispras.ru,ispras.ru,56
jannau.net,jannau.net,55
amarulasolutions.com,amarulasolutions.com,54
ionos.com,ionos.com,53
antheas.dev,antheas.dev,52
codeconstruct.com.au,codeconstruct.com.au,52
hotmail.com,hotmail.com,52
cisco.com,cisco.com,52
wunner.de,wunner.de,51
zytor.com,zytor.com,49
marcan.st,marcan.st,49
aspeedtech.com,aspeedtech.com,48
riscstar.com,riscstar.com,48
soleen.com,soleen.com,48
csie.org,csie.org,48
qq.com,qq.com,47
alien8.de,alien8.de,47
lankhorst.se,lankhorst.se,47
paul-moore.com,paul-moore.com,46
protonmail.com,protonmail.com,45
yandex.ru,yandex.ru,44
xiaomi.com,Xiaomi,43
baidu.com,Baidu,43
jmu.edu.cn,jmu.edu.cn,43
queasysnail.net,queasysnail.net,43
rbox.co,rbox.co,42
norik.com,norik.com,42
sk.com,sk.com,41
gentoo.org,gentoo.org,40
openvpn.net,openvpn.net,40
ixit.cz,ixit.cz,39
xs4all.nl,xs4all.nl,39
oss.nxp.com,oss.nxp.com,38
davidwei.uk,davidwei.uk,38
minyard.net,minyard.net,38
manguebit.org,manguebit.org,37
cloudflare.com,cloudflare.com,37
mainlining.org,mainlining.org,36
os.amperecomputing.com,os.amperecomputing.com,34
mt-integration.ru,mt-integration.ru,34
windriver.com,windriver.com,33
siemens.com,siemens.com,33
axis.com,axis.com,33
apitzsch.eu,apitzsch.eu,33
codeweavers.com,codeweavers.com,33
lucaweiss.eu,lucaweiss.eu,32
yahoo.com,yahoo.com,32
denx.de,denx.de,32
fujitsu.com,fujitsu.com,31
iki.fi,iki.fi,31
cmss.chinamobile.com,China Mobile,31
zohomail.com,zohomail.com,31
live.com,live.com,31
imgtec.com,imgtec.com,30
sony.com,sony.com,30
ellerman.id.au,ellerman.id.au,30
linux-m68k.org,linux-m68k.org,29
unisoc.com,unisoc.com,29
ethancedwards.com,ethancedwards.com,29
cixtech.com,cixtech.com,28
prolan.hu,prolan.hu,28
gourry.net,gourry.net,28
dujemihanovic.xyz,dujemihanovic.xyz,28
dimonoff.com,dimonoff.com,28
nwl.cc,nwl.cc,28
kvaser.com,kvaser.com,28
gocontroll.com,gocontroll.com,27
I-love.SAKURA.ne.jp,I-love.SAKURA.ne.jp,27
swemel.ru,swemel.ru,27
fiberby.net,fiberby.net,27
cknow.org,cknow.org,27
amazon.co.uk,amazon.co.uk,27
stgolabs.net,stgolabs.net,26
toxicpanda.com,toxicpanda.com,26
users.sourceforge.net,users.sourceforge.net,26
kontron.de,kontron.de,26
raspberrypi.com,raspberrypi.com,25
morsemicro.com,morsemicro.com,25
ddn.com,ddn.com,25
subdimension.ro,subdimension.ro,25
huaqin.corp-partner.google.com,huaqin.corp-partner.google.com,25
Intel.com,Intel.com,25
daynix.com,daynix.com,25
kemnade.info,kemnade.info,24
mojatatu.com,mojatatu.com,24
netfilter.org,netfilter.org,24
mev.co.uk,mev.co.uk,24
cqsoftware.com.cn,cqsoftware.com.cn,24
linux.spacemit.com,linux.spacemit.com,23
amazon.de,amazon.de,23
endrift.com,endrift.com,23
manguebit.com,manguebit.com,23
iopsys.eu,iopsys.eu,22
richtek.com,richtek.com,22
narfation.org,narfation.org,22
mentallysanemainliners.org,mentallysanemainliners.org,22
zju.edu.cn,zju.edu.cn,21
bur.io,bur.io,21
ee.iitb.ac.in,ee.iitb.ac.in,21
siliconsignals.io,siliconsignals.io,21
iogearbox.net,iogearbox.net,21
freeshell.de,freeshell.de,21
cmpxchg.org,cmpxchg.org,21
jrife.io,jrife.io,21
sartura.hr,sartura.hr,20
ibm.com,ibm.com,20
dubeyko.com,dubeyko.com,20
solid-run.com,solid-run.com,20
wp.pl,wp.pl,20
gateworks.com,gateworks.com,20
liebherr.com,liebherr.com,20
nfschina.com,NFSChina,20
sys-base.io,sys-base.io,20
kolumbus.fi,kolumbus.fi,20
seu.edu.cn,seu.edu.cn,19
tuxedocomputers.com,tuxedocomputers.com,19
alliedtelesis.co.nz,alliedtelesis.co.nz,19
surriel.com,surriel.com,19
net-swift.com,net-swift.com,19
mt.com,mt.com,19
fastly.com,fastly.com,19
easystack.cn,easystack.cn,18
fintech.ru,fintech.ru,18
packett.cool,packett.cool,18
nuvoton.com,nuvoton.com,18
geanix.com,geanix.com,18
xry111.site,xry111.site,17
micron.com,micron.com,17
icenowy.me,icenowy.me,17
eswincomputing.com,eswincomputing.com,17
radxa.com,radxa.com,17
pigmoral.tech,pigmoral.tech,17
aol.com,aol.com,17
salutedevices.com,salutedevices.com,17
HansenPartnership.com,HansenPartnership.com,17
exactco.de,exactco.de,16
oppo.com,OPPO,16
paragon-software.com,paragon-software.com,16
cybernetics.com,cybernetics.com,16
tdk.com,tdk.com,16
fau.de,fau.de,16
orange.fr,orange.fr,16
squebb.ca,squebb.ca,15
lixiang.com,lixiang.com,15
andestech.com,andestech.com,15
o2.pl,o2.pl,15
trager.us,trager.us,15
pf.is.s.u-tokyo.ac.jp,pf.is.s.u-tokyo.ac.jp,15
maowtm.org,maowtm.org,14
chinatelecom.cn,China Telecom,14
126.com,126.com,14
svanheule.net,svanheule.net,14
mandelbit.com,mandelbit.com,14
honor.com,honor.com,14
efficios.com,efficios.com,14
rong.moe,rong.moe,13
cadence.com,cadence.com,13
leap-io-kernel.com,leap-io-kernel.com,13
postmarketos.org,postmarketos.org,13
ljones.dev,ljones.dev,13
didiglobal.com,didiglobal.com,13
onurozkan.dev,onurozkan.dev,13
smankusors.com,smankusors.com,13
manjaro.org,manjaro.org,13
socionext.com,socionext.com,13
oldschoolsolutions.biz,oldschoolsolutions.biz,13
redadmin.org,redadmin.org,12
cse.iitm.ac.in,cse.iitm.ac.in,12
foxmail.com,foxmail.com,12
cjdns.fr,cjdns.fr,12
simonwunderlich.de,simonwunderlich.de,12
posteo.de,posteo.de,12
1wt.eu,1wt.eu,12
riseup.net,riseup.net,12
citrix.com,citrix.com,12
emfend.at,emfend.at,12
mit.edu,mit.edu,12
coasia.com,coasia.com,12
nokia-bell-labs.com,nokia-bell-labs.com,12
axiado.com,axiado.com,12
mssola.com,mssola.com,11
marek.ca,marek.ca,11
cestc.cn,cestc.cn,11
kaspersky.com,kaspersky.com,11
omp.ru,omp.ru,11
listout.xyz,listout.xyz,11
uliege.be,uliege.be,11
c64.rulez.org,c64.rulez.org,11
inmusicbrands.com,inmusicbrands.com,11
brighamcampbell.com,brighamcampbell.com,11
leica-geosystems.com,leica-geosystems.com,11
jiaxyga.com,jiaxyga.com,11
asahilina.net,asahilina.net,11
ite.com.tw,ite.com.tw,11
nokia.com,nokia.com,10
isrc.iscas.ac.cn,isrc.iscas.ac.cn,10
aosc.io,aosc.io,10
lge.com,lge.com,10
hartkopp.net,hartkopp.net,10
tecnico.ulisboa.pt,tecnico.ulisboa.pt,10
starfivetech.com,starfivetech.com,10
medip.dev,medip.dev,10
tq-group.com,tq-group.com,10
digiteqautomotive.com,digiteqautomotive.com,10
tomeuvizoso.net,tomeuvizoso.net,10
estudante.ufscar.br,estudante.ufscar.br,10
cyyself.name,cyyself.name,10
squashfs.org.uk,squashfs.org.uk,10
cyphar.com,cyphar.com,10
arri.de,arri.de,10
buenzli.dev,buenzli.dev,10
linux.vnet.ibm.com,linux.vnet.ibm.com,10
dxuuu.xyz,dxuuu.xyz,10
nabijaczleweli.xyz,nabijaczleweli.xyz,9
hpe.com,hpe.com,9
ovn.org,ovn.org,9
fnnas.com,fnnas.com,9
crpt.ru,crpt.ru,9
mxic.com.tw,mxic.com.tw,9
6wind.com,6wind.com,9
infineon.com,infineon.com,9
garmin.com,garmin.com,9
bell.net,bell.net,9
shopee.com,shopee.com,9
cab.de,cab.de,9
netcube.li,netcube.li,9
genesyslogic.com.tw,genesyslogic.com.tw,9
hust.edu.cn,hust.edu.cn,9
wetzel-home.de,wetzel-home.de,9
lenovo.com,Lenovo,9
etsalapatis.com,etsalapatis.com,9
mobileye.com,mobileye.com,9
protonic.nl,protonic.nl,9
strace.io,strace.io,9
cutebit.org,cutebit.org,9
emlix.com,emlix.com,9
asu.edu,asu.edu,8
columbia.edu,columbia.edu,8
awinic.com,awinic.com,8
rowland.harvard.edu,rowland.harvard.edu,8
schaufler-ca.com,schaufler-ca.com,8
canb.auug.org.au,canb.auug.org.au,8
0x0f.com,0x0f.com,8
est.tech,est.tech,8
oss.tenstorrent.com,oss.tenstorrent.com,8
hammernet.be,hammernet.be,8
kzalloc.com,kzalloc.com,8
einfochips.com,einfochips.com,8
trvn.ru,trvn.ru,8
openai.com,openai.com,8
molgen.mpg.de,molgen.mpg.de,8
willsroot.io,willsroot.io,8
altlinux.org,altlinux.org,8
everest-semi.com,everest-semi.com,8
hadess.net,hadess.net,8
Red54.com,Red54.com,8
sipsolutions.net,sipsolutions.net,8
engleder-embedded.com,engleder-embedded.com,8
fossekall.de,fossekall.de,8
yandex-team.ru,yandex-team.ru,7
irl.hu,irl.hu,7
joshua.hu,joshua.hu,7
opinsys.com,opinsys.com,7
cse.ust.hk,cse.ust.hk,7
zx2c4.com,zx2c4.com,7
nod.at,nod.at,7
rootcommit.com,rootcommit.com,7
korsgaard.com,korsgaard.com,7
prodrive-technologies.com,prodrive-technologies.com,7
qti.qualcomm.com,qti.qualcomm.com,7
josie.lol,josie.lol,7
wbinvd.org,wbinvd.org,7
chainsx.cn,chainsx.cn,7
zetier.com,zetier.com,7
raptorengineering.com,raptorengineering.com,7
garyguo.net,garyguo.net,7
mleia.com,mleia.com,7
jacekk.info,jacekk.info,7
siemens-energy.com,siemens-energy.com,7
maciej.szmigiero.name,maciej.szmigiero.name,7
free.fr,free.fr,7
wolfvision.net,wolfvision.net,7
triplefau.lt,triplefau.lt,7
ssi.gouv.fr,ssi.gouv.fr,7
outer-limits.org,outer-limits.org,7
wkennington.com,wkennington.com,7
arka.org,arka.org,7
chipsnmedia.com,chipsnmedia.com,7
pen.gy,pen.gy,7
ACULAB.COM,ACULAB.COM,7
synology.com,synology.com,6
buffet.re,buffet.re,6
sigxcpu.org,sigxcpu.org,6
somainline.org,somainline.org,6
secunet.com,secunet.com,6
orcam.me.uk,orcam.me.uk,6
alpha.franken.de,alpha.franken.de,6
nutanix.com,nutanix.com,6
jaguarmicro.com,jaguarmicro.com,6
harin.net,harin.net,6
thundersoft.com,thundersoft.com,6
gms.tku.edu.tw,gms.tku.edu.tw,6
h-partners.com,h-partners.com,6
xv97.com,xv97.com,6
techsingularity.net,techsingularity.net,6
de.bosch.com,de.bosch.com,6
bamaicloud.com,bamaicloud.com,6
codewreck.org,codewreck.org,6
vinarskis.com,vinarskis.com,6
savoirfairelinux.com,savoirfairelinux.com,6
Oracle.com,Oracle.com,6
htecgroup.com,htecgroup.com,6
iencinas.com,iencinas.com,6
goldelico.com,goldelico.com,6
libre.computer,libre.computer,6
actia.se,actia.se,6
husqvarnagroup.com,husqvarnagroup.com,6
ozlabs.org,ozlabs.org,6
testtoast.com,testtoast.com,6
4d2.org,4d2.org,6
hetzner-cloud.de,hetzner-cloud.de,6
xfusion.com,xfusion.com,5
blala.de,blala.de,5
ee.vjti.ac.in,ee.vjti.ac.in,5
perex.cz,perex.cz,5
keba.com,keba.com,5
tasossah.com,tasossah.com,5
monroe.io,monroe.io,5
inria.fr,inria.fr,5
thorsis.com,thorsis.com,5
couthit.com,couthit.com,5
konsulko.se,konsulko.se,5
mucse.com,mucse.com,5
aurel32.net,aurel32.net,5
infotecs.ru,infotecs.ru,5
arnaud-lcm.com,arnaud-lcm.com,5
joelselvaraj.com,joelselvaraj.com,5
thegoodpenguin.co.uk,thegoodpenguin.co.uk,5
sandisk.com,sandisk.com,5
kael-k.io,kael-k.io,5
yeah.net,yeah.net,5
mkarcher.dialup.fu-berlin.de,mkarcher.dialup.fu-berlin.de,5
fastmail.com,fastmail.com,5
me.com,me.com,5
nigauri.org,nigauri.org,5
desy.de,desy.de,5
b4.vu,b4.vu,5
cypress.com,cypress.com,5
watter.com,watter.com,5
foursemi.com,foursemi.com,5
isovalent.com,isovalent.com,5
yshyn.com,yshyn.com,5
eurecom.fr,eurecom.fr,5
jms.id.au,jms.id.au,5
paranoici.org,paranoici.org,5
topic.nl,topic.nl,5
thaumatec.com,thaumatec.com,5
silabs.com,silabs.com,5
kragniz.eu,kragniz.eu,5
invicto.ai,invicto.ai,5
davidreaver.com,davidreaver.com,5
steamfork.org,steamfork.org,5
mayer-bgk.de,mayer-bgk.de,5
tuxedo.de,tuxedo.de,4
hogyros.de,hogyros.de,4
aaront.org,aaront.org,4
bell-sw.com,bell-sw.com,4
cosmicgizmosystems.com,cosmicgizmosystems.com,4
atomlin.com,atomlin.com,4
toshiba.co.jp,toshiba.co.jp,4
geotab.com,geotab.com,4
leica-geosystems.com.cn,leica-geosystems.com.cn,4
david-bauer.net,david-bauer.net,4
reznichenko.net,reznichenko.net,4
tkos.co.il,tkos.co.il,4
rasmusvillemoes.dk,rasmusvillemoes.dk,4
web.de,web.de,4
cyberus-technology.de,cyberus-technology.de,4
blackwall.org,blackwall.org,4
mailoo.org,mailoo.org,4
milecki.pl,milecki.pl,4
pm.me,pm.me,4
chelsio.com,chelsio.com,4
shiftphones.com,shiftphones.com,4
csh.rit.edu,csh.rit.edu,4
arista.com,arista.com,4
whitecape.org,whitecape.org,4
matfyz.cz,matfyz.cz,4
grinn-global.com,grinn-global.com,4
proxmox.com,proxmox.com,4
westermo.com,westermo.com,4
aisle.com,aisle.com,4
rosenzweig.io,rosenzweig.io,4
gerhold.net,gerhold.net,4
dabbelt.com,dabbelt.com,4
csie.ntu.edu.tw,csie.ntu.edu.tw,4
illinois.edu,illinois.edu,4
labundy.com,labundy.com,4
amazon.co.jp,amazon.co.jp,4
kde.org,kde.org,4
v3.sk,v3.sk,4
ni.com,ni.com,4
atmark-techno.com,atmark-techno.com,4
siewert.io,siewert.io,4
qtmlabs.xyz,qtmlabs.xyz,4
inventec.com,inventec.com,4
flygoat.com,flygoat.com,4
139.com,139.com,4
synopsys.com,synopsys.com,4
ffwll.ch,ffwll.ch,4
mixaill.net,mixaill.net,4
phytium.com.cn,phytium.com.cn,4
yadro.com,yadro.com,4
hillion.co.uk,hillion.co.uk,4
blaize.com,blaize.com,4
joshuagrisham.com,joshuagrisham.com,4
openpixelsystems.org,openpixelsystems.org,4
tenstorrent.com,tenstorrent.com,4
gvernon.com,gvernon.com,4
grimberg.me,grimberg.me,4
svenpeter.dev,svenpeter.dev,4
doyensec.com,doyensec.com,4
rosa.ru,rosa.ru,4
9elements.com,9elements.com,4
alistair23.me,alistair23.me,4
sedlak.dev,sedlak.dev,4
enneenne.com,enneenne.com,4
gehealthcare.com,gehealthcare.com,3
chinaunicom.cn,chinaunicom.cn,3
ubuntu.com,ubuntu.com,3
anirudhrb.com,anirudhrb.com,3
sonarnerd.net,sonarnerd.net,3
aliyun.com,aliyun.com,3
cs.stanford.edu,cs.stanford.edu,3
realsil.com.cn,realsil.com.cn,3
nppct.ru,nppct.ru,3
lanxincomputing.com,lanxincomputing.com,3
linux.com,linux.com,3
icloud.com,icloud.com,3
nabladev.com,nabladev.com,3
bitbyteword.org,bitbyteword.org,3
smartx.com,smartx.com,3
israelbatista.dev.br,israelbatista.dev.br,3
prevas.dk,prevas.dk,3
genexis.eu,genexis.eu,3
mariuszachmann.de,mariuszachmann.de,3
bbv.ch,bbv.ch,3
zanders.be,zanders.be,3
codeaurora.org,codeaurora.org,3
strongswan.org,strongswan.org,3
scs.ch,scs.ch,3
kylinsec.com.cn,Kylin Software,3
jp.fujitsu.com,jp.fujitsu.com,3
dev.tdt.de,dev.tdt.de,3
traverse.com.au,traverse.com.au,3
valla.it,valla.it,3
coelacanthus.name,coelacanthus.name,3
omnibond.com,omnibond.com,3
allelesecurity.com,allelesecurity.com,3
alyssa.is,alyssa.is,3
hms-networks.com,hms-networks.com,3
iie.ac.cn,iie.ac.cn,3
t-chip.com.cn,t-chip.com.cn,3
qualcomm.com,qualcomm.com,3
portwell.com.tw,portwell.com.tw,3
inboxia.org,inboxia.org,3
armadeus.com,armadeus.com,3
templeofstupid.com,templeofstupid.com,3
semtech.com,semtech.com,3
grimler.se,grimler.se,3
casix.org,casix.org,3
adtran.com,adtran.com,3
nandakumar.co.in,nandakumar.co.in,3
furiosa.ai,furiosa.ai,3
zhaoxin.com,zhaoxin.com,3
it-klinger.de,it-klinger.de,3
darkrefraction.com,darkrefraction.com,3
adomerle.pw,adomerle.pw,3
corp.free.fr,corp.free.fr,3
maxlinear.com,maxlinear.com,3
emerson.com,emerson.com,3
candelatech.com,candelatech.com,3
sjtu.edu.cn,sjtu.edu.cn,3
hj-micro.com,hj-micro.com,3
uniroma2.it,uniroma2.it,3
aladdin.ru,aladdin.ru,3
kuka.com,kuka.com,3
cdjrlc.com,cdjrlc.com,3
whut.edu.cn,whut.edu.cn,3
xmission.com,xmission.com,3
janestreet.com,janestreet.com,3
system76.com,system76.com,3
aa.jp.fujitsu.com,aa.jp.fujitsu.com,3
piap.pl,piap.pl,3
digital-rabbithole.de,digital-rabbithole.de,3
universe-factory.net,universe-factory.net,3
archlinuxcn.org,archlinuxcn.org,3
usp.br,usp.br,3
heusel.eu,heusel.eu,3
atlas.cz,atlas.cz,3
yoseli.org,yoseli.org,3
xff.cz,xff.cz,3
lodewillems.com,lodewillems.com,3
wesion.com,wesion.com,3
softing.com,softing.com,3
kleine-koenig.org,kleine-koenig.org,3
rudorff.com,rudorff.com,3
lichtman.org,lichtman.org,3
vampirebyte.ro,vampirebyte.ro,3
kernkonzept.com,kernkonzept.com,3
arinc9.com,arinc9.com,3
blueri.se,blueri.se,3
wacom.com,wacom.com,3
pobox.com,pobox.com,3
jordanrome.com,jordanrome.com,3
unseen.parts,unseen.parts,3
huawei-partners.com,Huawei,3
classfun.cn,classfun.cn,3
systec-electronic.com,systec-electronic.com,3
remote-tech.co.uk,remote-tech.co.uk,3
duagon.com,duagon.com,2
tyhicks.com,tyhicks.com,2
korea.ac.kr,korea.ac.kr,2
grsecurity.net,grsecurity.net,2
themaw.net,themaw.net,2
khirnov.net,khirnov.net,2
gsnoff.com,gsnoff.com,2
itb.spb.ru,itb.spb.ru,2
dorminy.me,dorminy.me,2
foxido.dev,foxido.dev,2
xfel.eu,xfel.eu,2
arduino.cc,arduino.cc,2
who-t.net,who-t.net,2
ysoft.com,ysoft.com,2
mary.zone,mary.zone,2
yhndnzj.com,yhndnzj.com,2
kerneltoast.com,kerneltoast.com,2
kaist.ac.kr,kaist.ac.kr,2
kaiser.cx,kaiser.cx,2
compal.corp-partner.google.com,compal.corp-partner.google.com,2
horky.net,horky.net,2
stackframe.org,stackframe.org,2
hacktheplanet.fi,hacktheplanet.fi,2
codethink.co.uk,codethink.co.uk,2
freebox.fr,freebox.fr,2
redstrate.com,redstrate.com,2
bryanhinton.com,bryanhinton.com,2
sezginduran.net,sezginduran.net,2
chimac.ro,chimac.ro,2
wiwynn.com,wiwynn.com,2
mboxify.com,mboxify.com,2
live.ca,live.ca,2
simcom.com,simcom.com,2
akamai.com,akamai.com,2
opensource.wdc.com,opensource.wdc.com,2
elijahs.space,elijahs.space,2
malat.biz,malat.biz,2
esd.eu,esd.eu,2
northwestern.edu,northwestern.edu,2
utah.edu,utah.edu,2
juniper.net,juniper.net,2
nic.cz,nic.cz,2
technexion.com,technexion.com,2
smail.nju.edu.cn,smail.nju.edu.cn,2
mjt.me.uk,mjt.me.uk,2
juszkiewicz.com.pl,juszkiewicz.com.pl,2
carnegierobotics.com,carnegierobotics.com,2
anton-paar.com,anton-paar.com,2
folker-schwesinger.de,folker-schwesinger.de,2
magd.ox.ac.uk,magd.ox.ac.uk,2
0x65c.net,0x65c.net,2
asrmicro.com,asrmicro.com,2
gmx.us,gmx.us,2
yuka.dev,yuka.dev,2
mess.org,mess.org,2
pwned.life,pwned.life,2
apple.com,apple.com,2
digi.com,digi.com,2
nixdorf.dev,nixdorf.dev,2
tum.de,tum.de,2
blochl.de,blochl.de,2
siqol.com,siqol.com,2
primarydata.com,primarydata.com,2
eviden.com,eviden.com,2
kuleuven.be,kuleuven.be,2
pdp7.com,pdp7.com,2
whamcloud.com,whamcloud.com,2
darkrain42.org,darkrain42.org,2
crowdstrike.com,crowdstrike.com,2
cornelisnetworks.com,cornelisnetworks.com,2
maskray.me,maskray.me,2
connolly.tech,connolly.tech,2
non.se.com,non.se.com,2
tinylab.org,tinylab.org,2
polito.it,polito.it,2
gmx.com,gmx.com,2
toke.dk,toke.dk,2
valvesoftware.com,valvesoftware.com,2
frantovo.cz,frantovo.cz,2
deepcomputing.io,deepcomputing.io,2
jro.nz,jro.nz,2
brueckmann-gmbh.de,brueckmann-gmbh.de,2
coolkit.cn,coolkit.cn,2
gnu.org,gnu.org,2
rarity.fan,rarity.fan,2
quanta.corp-partner.google.com,quanta.corp-partner.google.com,2
ventureresearch.com,ventureresearch.com,2
exim.org,exim.org,2
partner.samsung.com,partner.samsung.com,2
pereznus.es,pereznus.es,2
nokia-sbell.com,nokia-sbell.com,2
sdore.me,sdore.me,2
volumez.com,volumez.com,2
cloud.com,cloud.com,2
4sigma.it,4sigma.it,2
artur-rojek.eu,artur-rojek.eu,2
sigma-star.at,sigma-star.at,2
antoniohickey.com,antoniohickey.com,2
live.co.uk,live.co.uk,2
leemhuis.info,leemhuis.info,2
avm.de,avm.de,2
froggi.es,froggi.es,2
sandeen.net,sandeen.net,2
d-systems.ee,d-systems.ee,2
kloenk.dev,kloenk.dev,2
ijzerbout.nl,ijzerbout.nl,2
lkcamp.dev,lkcamp.dev,2
edgeble.ai,edgeble.ai,2
fedoraproject.org,fedoraproject.org,2
konsulko.com,konsulko.com,2
jwilk.net,jwilk.net,2
xilinx.com,xilinx.com,2
c0d3.blue,c0d3.blue,2
andrewstrohman.com,andrewstrohman.com,2
sophos.com,sophos.com,2
iinet.net.au,iinet.net.au,2
cispa.de,cispa.de,1
negrel.dev,negrel.dev,1
purdue.edu,purdue.edu,1
veygax.dev,veygax.dev,1
Groves.net,Groves.net,1
elsta.tech,elsta.tech,1
augustwikerfors.se,augustwikerfors.se,1
sangfor.com.cn,sangfor.com.cn,1
mpiricsoftware.com,mpiricsoftware.com,1
markoturk.info,markoturk.info,1
deepseek.com,deepseek.com,1
darknavy.com,darknavy.com,1
lysator.liu.se,lysator.liu.se,1
betterinternet.ltd,betterinternet.ltd,1
tu-ilmenau.de,tu-ilmenau.de,1
cachyos.org,cachyos.org,1
superluminal.eu,superluminal.eu,1
mails.tsinghua.edu.cn,mails.tsinghua.edu.cn,1
nathanrossi.com,nathanrossi.com,1
bosc.ac.cn,bosc.ac.cn,1
addi-data.com,addi-data.com,1
motu.com,motu.com,1
kota.moe,kota.moe,1
osandov.com,osandov.com,1
aerlync.com,aerlync.com,1
padovan.org,padovan.org,1
aashishsharma.net,aashishsharma.net,1
eilabs.com,eilabs.com,1
hallyn.com,hallyn.com,1
vasilevsky.ca,vasilevsky.ca,1
ilvokhin.com,ilvokhin.com,1
ownmail.net,ownmail.net,1
wavecomp.com,wavecomp.com,1
zeocities.dev,zeocities.dev,1
nextron-systems.com,nextron-systems.com,1
mail.kh.edu.tw,mail.kh.edu.tw,1
hamik.net,hamik.net,1
tu-dortmund.de,tu-dortmund.de,1
lineo.co.jp,lineo.co.jp,1
likewhatevs.io,likewhatevs.io,1
hazent.com,hazent.com,1
garderos.com,garderos.com,1
barre.sh,barre.sh,1
cknow-tech.com,cknow-tech.com,1
aprilg.moe,aprilg.moe,1
plaes.org,plaes.org,1
dwurp.de,dwurp.de,1
vyos.io,vyos.io,1
syptech.net,syptech.net,1
surgut.co.uk,surgut.co.uk,1
arcor.de,arcor.de,1
codasip.com,codasip.com,1
mroth.net,mroth.net,1
skyrain.eu,skyrain.eu,1
aisec.fraunhofer.de,aisec.fraunhofer.de,1
networks-extra.com,networks-extra.com,1
trix.is-a.dev,trix.is-a.dev,1
whynothugo.nl,whynothugo.nl,1
makarenk.ooo,makarenk.ooo,1
it-lobb.de,it-lobb.de,1
altimeter.info,altimeter.info,1
ewhac.org,ewhac.org,1
valinux.co.jp,valinux.co.jp,1
Stromeko.DE,Stromeko.DE,1
mykernel.net,mykernel.net,1
geekplace.eu,geekplace.eu,1
cloudbear.ru,cloudbear.ru,1
criteo.com,criteo.com,1
linux.beauty,linux.beauty,1
fi.rohmeurope.com,fi.rohmeurope.com,1
agilent.com,agilent.com,1
sch.bme.hu,sch.bme.hu,1
shanefagan.com,shanefagan.com,1
keysight.com,keysight.com,1
invisiblethingslab.com,invisiblethingslab.com,1
wisig.com,wisig.com,1
ruivo.org,ruivo.org,1
danm.net,danm.net,1
mcwilliam.dev,mcwilliam.dev,1
mail.sdu.edu.cn,mail.sdu.edu.cn,1
marliere.net,marliere.net,1
winhong.com,winhong.com,1
perches.com,perches.com,1
mac.com,mac.com,1
vaisala.com,vaisala.com,1
phytec.com,phytec.com,1
thingy.jp,thingy.jp,1
yahoo.de,yahoo.de,1
bang-olufsen.dk,bang-olufsen.dk,1
bitwise.fi,bitwise.fi,1
sswd.pw,sswd.pw,1
foundries.io,foundries.io,1
librecast.net,librecast.net,1
viavisolutions.com,viavisolutions.com,1
viasat.com,viasat.com,1
zonni.pl,zonni.pl,1
ewsting.com,ewsting.com,1
debanilchowdhury.com,debanilchowdhury.com,1
flinny.org,flinny.org,1
yklcs.com,yklcs.com,1
gtsys.com.hk,gtsys.com.hk,1
nordicsemi.no,nordicsemi.no,1
grenoble-inp.org,grenoble-inp.org,1
harmstone.com,harmstone.com,1
in-advantage.com,in-advantage.com,1
tehsvk.net,tehsvk.net,1
tssltd.ru,tssltd.ru,1
syntacore.com,syntacore.com,1
sarinay.com,sarinay.com,1
skidata.com,skidata.com,1
criticallink.com,criticallink.com,1
jvosburgh.net,jvosburgh.net,1
blaese.de,blaese.de,1
wuest.me,wuest.me,1
mail.toshiba,mail.toshiba,1
vasama.org,vasama.org,1
thiebaut.dev,thiebaut.dev,1
seco.com,seco.com,1
ustc.edu,ustc.edu,1
belden.com,belden.com,1
projectinitiative.io,projectinitiative.io,1
grenoble.cnrs.fr,grenoble.cnrs.fr,1
bshg.com,bshg.com,1
valdikss.org.ru,valdikss.org.ru,1
kylemanna.com,kylemanna.com,1
owo.li,owo.li,1
securitygossip.com,securitygossip.com,1
toblux.com,toblux.com,1
raymakers.nl,raymakers.nl,1
heitbaum.com,heitbaum.com,1
stegemann.de,stegemann.de,1
murena.io,murena.io,1
dilger.ca,dilger.ca,1
orca.pet,orca.pet,1
smrk.net,smrk.net,1
linbit.com,linbit.com,1
kreed.org,kreed.org,1
jrehkemper.de,jrehkemper.de,1
gnuweeb.org,gnuweeb.org,1
myth5.com,myth5.com,1
mail.parknet.co.jp,mail.parknet.co.jp,1
comtrue-inc.com,comtrue-inc.com,1
virtuozzo.com,virtuozzo.com,1
erminea.space,erminea.space,1
tw.synaptics.com,tw.synaptics.com,1
n621.de,n621.de,1
sensetime.com,sensetime.com,1
chrisdown.name,chrisdown.name,1
hexchain.org,hexchain.org,1
vates.tech,vates.tech,1
philpotter.co.uk,philpotter.co.uk,1
archlinux.org,archlinux.org,1
evolware.org,evolware.org,1
bluewin.ch,bluewin.ch,1
star-ark.net,star-ark.net,1
emersion.fr,emersion.fr,1
viard.dev,viard.dev,1
bearstech.com,bearstech.com,1
dupart.org,dupart.org,1
abhy.me,abhy.me,1
innosonix.de,innosonix.de,1
aiyionpri.me,aiyionpri.me,1
ndigital.com,ndigital.com,1
corigine.com,corigine.com,1
prgmr.com,prgmr.com,1
pablo.ct.ws,pablo.ct.ws,1
codiax.se,codiax.se,1
ltec.ch,ltec.ch,1
lauterbach.com,lauterbach.com,1
glxys.nl,glxys.nl,1
habana.ai,habana.ai,1
snekbyte.com,snekbyte.com,1
diehl.com,diehl.com,1
tsoy.me,tsoy.me,1
asymptotic.io,asymptotic.io,1
chandra.net,chandra.net,1
cs.wisc.edu,cs.wisc.edu,1
uclouvain.be,uclouvain.be,1
telit.com,telit.com,1
onemain.com,onemain.com,1
siol.net,siol.net,1
tektelic.com,tektelic.com,1
astranis.com,astranis.com,1
hillstonenet.com,hillstonenet.com,1
m3y3r.de,m3y3r.de,1
disterhof.eu,disterhof.eu,1
kolttonen.fi,kolttonen.fi,1
borg.moe,borg.moe,1
sima.ai,sima.ai,1
technica-engineering.de,technica-engineering.de,1
ze-it.at,ze-it.at,1
libero.it,libero.it,1
g-sokol.info,g-sokol.info,1
distanz.ch,distanz.ch,1
netapp.com,netapp.com,1
dd-wrt.com,dd-wrt.com,1
nec.com,nec.com,1
notsyncing.net,notsyncing.net,1
fibocom.com,fibocom.com,1
dmeh.net,dmeh.net,1
welho.tech,welho.tech,1
flokli.de,flokli.de,1
sylvansmit.com,sylvansmit.com,1
szeredi.hu,szeredi.hu,1
zenlayer.com,zenlayer.com,1
mvista.com,mvista.com,1
lxm.se,lxm.se,1
melois.dev,melois.dev,1
borto.fr,borto.fr,1
null-ptr.net,null-ptr.net,1
banvien.com.vn,banvien.com.vn,1
edburcher.com,edburcher.com,1
astier.eu,astier.eu,1
tavianator.com,tavianator.com,1
hefring.com,hefring.com,1
ponkila.com,ponkila.com,1
disruptive-technologies.com,disruptive-technologies.com,1
jakerice.dev,jakerice.dev,1
ime.usp.br,ime.usp.br,1
gentwo.org,gentwo.org,1
atto.com,atto.com,1
inceptio.ai,inceptio.ai,1
ozlu.eu,ozlu.eu,1
kaechele.ca,kaechele.ca,1
jfarr.cc,jfarr.cc,1
3mdeb.com,3mdeb.com,1
ssi.bg,ssi.bg,1
abv.bg,abv.bg,1
0atlas.com,0atlas.com,1
vpprocess.com,vpprocess.com,1
mwa.re,mwa.re,1
lunn.ch,lunn.ch,1
atlascopco.com,atlascopco.com,1
fivetechno.de,fivetechno.de,1
tlvince.com,tlvince.com,1
rere.qmqm.pl,rere.qmqm.pl,1
aepfle.de,aepfle.de,1
hows.id.au,hows.id.au,1
anddroptable.net,anddroptable.net,1
noa-labs.com,noa-labs.com,1
siflower.com.cn,siflower.com.cn,1
pileofstuff.org,pileofstuff.org,1
friendlyarm.com,friendlyarm.com,1
legrand.com,legrand.com,1
cyberprotect.ru,cyberprotect.ru,1
hifiphile.com,hifiphile.com,1
hesling.com,hesling.com,1
mcqueen.au,mcqueen.au,1
maxsi.org,maxsi.org,1
labcsmart.com,labcsmart.com,1
ammaraskar.com,ammaraskar.com,1
jp-hosting.net,jp-hosting.net,1
mansr.com,mansr.com,1
kneron.us,kneron.us,1
etehtsea.me,etehtsea.me,1
o1oo11oo.de,o1oo11oo.de,1
comp.nus.edu.sg,comp.nus.edu.sg,1
waldekranz.com,waldekranz.com,1
fjasle.eu,fjasle.eu,1
bareminimum.eu,bareminimum.eu,1
qnx.com,qnx.com,1
l4re.org,l4re.org,1
mail.ru,mail.ru,1
inertim.com,inertim.com,1
tinyisr.com,tinyisr.com,1
auristor.com,auristor.com,1
ford.com,ford.com,1
foobox.net,foobox.net,1
astralinux.ru,astralinux.ru,1
gouders.net,gouders.net,1
applied-asynchrony.com,applied-asynchrony.com,1
utu.fi,utu.fi,1
hp.com,hp.com,1
randorisec.fr,randorisec.fr,1
pascal-lab.net,pascal-lab.net,1
base.nu,base.nu,1
scylladb.com,scylladb.com,1
crudebyte.com,crudebyte.com,1
ict.ac.cn,ict.ac.cn,1
butoba.net,butoba.net,1
boddie.org.uk,boddie.org.uk,1
aq0.de,aq0.de,1
sysgo.com,sysgo.com,1
hetzenecker.me,hetzenecker.me,1
gompa.dev,gompa.dev,1
svenschwermer.de,svenschwermer.de,1
asbjorn.st,asbjorn.st,1
hokuishi.be,hokuishi.be,1
mail.bg,mail.bg,1
iris-sensing.com,iris-sensing.com,1
trustlab.cz,trustlab.cz,1
grobecker.info,grobecker.info,1
tidylabs.net,tidylabs.net,1
wangsu.com,wangsu.com,1
beagleboard.org,beagleboard.org,1
matthias-proske.de,matthias-proske.de,1
stackit.cloud,stackit.cloud,1
personaltelco.net,personaltelco.net,1
m.fudan.edu.cn,m.fudan.edu.cn,1
openbsd.org,openbsd.org,1
allwinnertech.com,allwinnertech.com,1
birger-koblitz.de,birger-koblitz.de,1
fireburn.co.uk,fireburn.co.uk,1
c--e.de,c--e.de,1
brixandersen.dk,brixandersen.dk,1
bens.haus,bens.haus,1
pelago.org.uk,pelago.org.uk,1
remarkable.no,remarkable.no,1
stackhpc.com,stackhpc.com,1
getgoogleoff.me,getgoogleoff.me,1
herbolt.com,herbolt.com,1
online.de,online.de,1
matrox.com,matrox.com,1
ucw.cz,ucw.cz,1
ukr.net,ukr.net,1
jakemoroni.com,jakemoroni.com,1
frame.work,frame.work,1
bsbernd.com,bsbernd.com,1
tronnes.org,tronnes.org,1
engflow.com,engflow.com,1
eurofunk.com,eurofunk.com,1
hehaorui.com,hehaorui.com,1
fastmail.to,fastmail.to,1
exostellar.io,exostellar.io,1
lony.xyz,lony.xyz,1
emoss.org,emoss.org,1
schenkel.net,schenkel.net,1
lesviallon.fr,lesviallon.fr,1
combitech.com,combitech.com,1
joshtriplett.org,joshtriplett.org,1
getstate.dev,getstate.dev,1
doridian.net,doridian.net,1
har.mn,har.mn,1
lenbrook.com,lenbrook.com,1
steffo.eu,steffo.eu,1
michel-slm.name,michel-slm.name,1
morinfr.org,morinfr.org,1
linumiz.com,linumiz.com,1
inbox.ru,inbox.ru,1
green-communications.fr,green-communications.fr,1
red-soft.ru,red-soft.ru,1
devkernel.io,devkernel.io,1
kookmin.ac.kr,kookmin.ac.kr,1
longjmp.de,longjmp.de,1
jcix.top,jcix.top,1
starlabs.systems,starlabs.systems,1
mister-muffin.de,mister-muffin.de,1
radix.lt,radix.lt,1
epochal.quest,epochal.quest,1
connecttech.com,connecttech.com,1
soragoto.io,soragoto.io,1
somane.sakura.ne.jp,somane.sakura.ne.jp,1
turris.com,turris.com,1
stwcx.xyz,stwcx.xyz,1
fii-usa.com,fii-usa.com,1
nerdbynature.de,nerdbynature.de,1
mutex.one,mutex.one,1
mcrowe.com,mcrowe.com,1
maxima.ru,maxima.ru,1
kernelsoft.com,kernelsoft.com,1
lixom.net,lixom.net,1
